Fecha,Usuario,Tareas de Demanda,Tareas de Enhanced Content,Tareas de Enhancement,Tareas de Fallos,Tareas de Soporte,IDs trabajados,% de cumplimiento del objetivo,Total tareas,Week
29/12/2025,ext_agfasson,73,,17,,,20,"100,00%",90,1
29/12/2025,ext_agnovare,48,,12,,,20,"66,67%",60,1
29/12/2025,ext_aiolmedo,,,27,,,47,"30,00%",27,1
29/12/2025,ext_dadi,84,,6,,,6,"100,00%",90,1
29/12/2025,ext_damercur,46,,11,,,14,"63,33%",57,1
29/12/2025,ext_deparede,38,,,,,0,"42,22%",38,1
29/12/2025,ext_elgramug,,,21,,,27,"23,33%",21,1
29/12/2025,ext_esguadal,52,,12,,,16,"71,11%",64,1
29/12/2025,ext_facacuna,88,,2,,,0,"100,00%",90,1
29/12/2025,ext_fagaglia,92,,,,,0,"102,22%",92,1
29/12/2025,ext_flagusti,2,,22,,,46,"26,67%",24,1
29/12/2025,ext_fltangor,88,,2,,,1,"100,00%",90,1
29/12/2025,ext_francof,86,,4,,,10,"100,00%",90,1
29/12/2025,ext_hernflor,47,,24,,,26,"78,89%",71,1
29/12/2025,ext_igcuevas,87,,3,,,3,"100,00%",90,1
29/12/2025,ext_igjerez,,,21,,,23,"23,33%",21,1
29/12/2025,ext_joastori,80,,,,,0,"88,89%",80,1
29/12/2025,ext_joavgust,2,,21,,,40,"25,56%",23,1
29/12/2025,ext_jocambar,42,,9,,8,3,"65,56%",59,1
29/12/2025,ext_jotrimar,86,,4,,,20,"100,00%",90,1
29/12/2025,ext_juawagne,90,,,,,1,"100,00%",90,1
29/12/2025,ext_julieflo,53,,,,,0,"58,89%",53,1
29/12/2025,ext_matiam,89,,1,,,6,"100,00%",90,1
29/12/2025,ext_matvalle,88,,2,,,2,"100,00%",90,1
29/12/2025,ext_mibrizue,90,,,,,3,"100,00%",90,1
29/12/2025,ext_nadsosa,90,,,,,0,"100,00%",90,1
29/12/2025,ext_namangas,86,,4,,,5,"100,00%",90,1
29/12/2025,ext_ola,87,,3,,,6,"100,00%",90,1
29/12/2025,ext_ramiherr,54,,,,8,4,"68,89%",62,1
29/12/2025,ext_sancjoaq,87,,,,,11,"96,67%",87,1
29/12/2025,ext_siosanch,2,,18,,,34,"22,22%",20,1
29/12/2025,ext_tamarco,27,,,,,0,"30,00%",27,1
29/12/2025,ext_tibareir,77,,13,,,26,"100,00%",90,1
29/12/2025,ext_toarruss,88,3,,,,91,"101,11%",91,1
29/12/2025,ext_tovulcan,,21,,,,30,"23,33%",21,1
30/12/2025,ext_agfasson,74,,16,,,40,"100,00%",90,1
30/12/2025,ext_agnovare,46,,13,,,29,"65,56%",59,1
30/12/2025,ext_aiolmedo,,,16,,,57,"17,78%",16,1
30/12/2025,ext_dadi,76,,14,,,16,"100,00%",90,1
30/12/2025,ext_damercur,55,,4,,,7,"65,56%",59,1
30/12/2025,ext_elgramug,,,24,,,29,"26,67%",24,1
30/12/2025,ext_esguadal,38,,15,,,20,"58,89%",53,1
30/12/2025,ext_facacuna,87,,3,,,4,"100,00%",90,1
30/12/2025,ext_fagaglia,83,,7,,,7,"100,00%",90,1
30/12/2025,ext_flagusti,,,20,,,39,"22,22%",20,1
30/12/2025,ext_fltangor,87,,3,,,0,"100,00%",90,1
30/12/2025,ext_francof,83,,7,,,11,"100,00%",90,1
30/12/2025,ext_hernflor,43,,22,,,25,"72,22%",65,1
30/12/2025,ext_igcuevas,85,,5,,,8,"100,00%",90,1
30/12/2025,ext_igjerez,,,18,,,21,"20,00%",18,1
30/12/2025,ext_joastori,,,31,,,40,"34,44%",31,1
30/12/2025,ext_joavgust,,,26,,,33,"28,89%",26,1
30/12/2025,ext_jocambar,,,,,19,13,"21,11%",19,1
30/12/2025,ext_jotrimar,69,,7,,,17,"84,44%",76,1
30/12/2025,ext_juawagne,86,,4,,,0,"100,00%",90,1
30/12/2025,ext_julieflo,39,,,,,0,"43,33%",39,1
30/12/2025,ext_matiam,85,,5,,,9,"100,00%",90,1
30/12/2025,ext_matvalle,88,,2,,,7,"100,00%",90,1
30/12/2025,ext_mibrizue,78,,12,,,15,"100,00%",90,1
30/12/2025,ext_nadsosa,87,,5,,,5,"102,22%",92,1
30/12/2025,ext_namangas,84,,6,,,8,"100,00%",90,1
30/12/2025,ext_ola,90,,2,,,9,"102,22%",92,1
30/12/2025,ext_ramiherr,6,,,,8,13,"15,56%",14,1
30/12/2025,ext_sancjoaq,76,,11,,,29,"96,67%",87,1
30/12/2025,ext_siosanch,,,21,,,32,"23,33%",21,1
30/12/2025,ext_tibareir,63,,27,,,37,"100,00%",90,1
30/12/2025,ext_toarruss,83,,7,,,8,"100,00%",90,1
30/12/2025,ext_tovulcan,,,24,,,27,"26,67%",24,1
2/01/2026,ext_agfasson,64,,26,,,49,"100,00%",90,1
2/01/2026,ext_agnovare,2,,17,,6,43,"27,78%",25,1
2/01/2026,ext_aiolmedo,,,27,,,62,"30,00%",27,1
2/01/2026,ext_dadi,33,,20,,,33,"58,89%",53,1
2/01/2026,ext_damercur,41,,14,,,18,"61,11%",55,1
2/01/2026,ext_elgramug,,,19,,,25,"21,11%",19,1
2/01/2026,ext_esguadal,15,,30,,,35,"50,00%",45,1
2/01/2026,ext_facacuna,84,,6,,,5,"100,00%",90,1
2/01/2026,ext_fagaglia,69,,18,,,22,"96,67%",87,1
2/01/2026,ext_flagusti,,,30,,,43,"33,33%",30,1
2/01/2026,ext_fltangor,75,,4,,,1,"87,78%",79,1
2/01/2026,ext_francof,82,,6,,,9,"97,78%",88,1
2/01/2026,ext_hernflor,38,,33,,,33,"78,89%",71,1
2/01/2026,ext_igcuevas,90,,,,,0,"100,00%",90,1
2/01/2026,ext_igjerez,,,18,,,19,"20,00%",18,1
2/01/2026,ext_joastori,,,28,,,35,"31,11%",28,1
2/01/2026,ext_joavgust,,,29,,,34,"32,22%",29,1
2/01/2026,ext_jocambar,,,5,,21,38,"28,89%",26,1
2/01/2026,ext_jotrimar,80,,2,,,3,"91,11%",82,1
2/01/2026,ext_juawagne,89,,1,,,1,"100,00%",90,1
2/01/2026,ext_julieflo,46,,,,,0,"51,11%",46,1
2/01/2026,ext_matiam,68,,8,,,16,"84,44%",76,1
2/01/2026,ext_matvalle,71,,5,,,8,"84,44%",76,1
2/01/2026,ext_mibrizue,54,,35,,,45,"98,89%",89,1
2/01/2026,ext_nadsosa,88,,2,,,3,"100,00%",90,1
2/01/2026,ext_namangas,84,,6,,,7,"100,00%",90,1
2/01/2026,ext_ola,84,,6,,,9,"100,00%",90,1
2/01/2026,ext_ramiherr,17,,,,12,51,"32,22%",29,1
2/01/2026,ext_sancjoaq,65,,13,,,25,"86,67%",78,1
2/01/2026,ext_siosanch,,,21,,,37,"23,33%",21,1
2/01/2026,ext_tibareir,56,,34,,,56,"100,00%",90,1
2/01/2026,ext_toarruss,83,,7,,,7,"100,00%",90,1
2/01/2026,ext_tovulcan,,,20,,,23,"22,22%",20,1
5/01/2026,ext_agfasson,87,,3,,,12,"100,00%",90,2
5/01/2026,ext_agnovare,4,,12,,14,49,"33,33%",30,2
5/01/2026,ext_aiolmedo,,,34,,,67,"37,78%",34,2
5/01/2026,ext_dadi,79,,11,,,14,"100,00%",90,2
5/01/2026,ext_damercur,50,,3,,,5,"58,89%",53,2
5/01/2026,ext_deparede,38,,,,,0,"42,22%",38,2
5/01/2026,ext_elgramug,,,23,,,27,"25,56%",23,2
5/01/2026,ext_esguadal,44,,17,,,19,"67,78%",61,2
5/01/2026,ext_facacuna,91,,,,,2,"101,11%",91,2
5/01/2026,ext_fagaglia,88,,3,,,4,"101,11%",91,2
5/01/2026,ext_flagusti,,,33,,,58,"36,67%",33,2
5/01/2026,ext_fltangor,88,,2,,,0,"100,00%",90,2
5/01/2026,ext_francof,88,,2,,,2,"100,00%",90,2
5/01/2026,ext_hernflor,67,,5,,,5,"80,00%",72,2
5/01/2026,ext_igjerez,,,15,,,21,"16,67%",15,2
5/01/2026,ext_joastori,84,,1,,,2,"94,44%",85,2
5/01/2026,ext_joavgust,,,30,,,38,"33,33%",30,2
5/01/2026,ext_jocambar,52,,7,,,5,"65,56%",59,2
5/01/2026,ext_jotrimar,40,,,,13,33,"58,89%",53,2
5/01/2026,ext_julieflo,47,,,,,0,"52,22%",47,2
5/01/2026,ext_matiam,38,,2,,11,16,"56,67%",51,2
5/01/2026,ext_matvalle,92,,1,,,4,"103,33%",93,2
5/01/2026,ext_mibrizue,90,,,,,0,"100,00%",90,2
5/01/2026,ext_nadsosa,,,19,,,28,"21,11%",19,2
5/01/2026,ext_namangas,89,,1,,,1,"100,00%",90,2
5/01/2026,ext_ola,88,,2,,,3,"100,00%",90,2
5/01/2026,ext_ramiherr,78,,,,,0,"86,67%",78,2
5/01/2026,ext_sancjoaq,82,,,,,17,"91,11%",82,2
5/01/2026,ext_siosanch,,,19,,,40,"21,11%",19,2
5/01/2026,ext_tamarco,36,,,,,0,"40,00%",36,2
5/01/2026,ext_tibareir,83,,7,,,26,"100,00%",90,2
5/01/2026,ext_toarruss,89,,1,,,6,"100,00%",90,2
5/01/2026,ext_tovulcan,57,,12,,,15,"76,67%",69,2
6/01/2026,ext_agfasson,87,,3,,,21,"100,00%",90,2
6/01/2026,ext_agnovare,36,,32,,,7,"75,56%",68,2
6/01/2026,ext_aiolmedo,,,28,,,51,"31,11%",28,2
6/01/2026,ext_dadi,62,,6,,,7,"75,56%",68,2
6/01/2026,ext_damercur,51,,6,,,9,"63,33%",57,2
6/01/2026,ext_elgramug,,,21,,,22,"23,33%",21,2
6/01/2026,ext_esguadal,13,,36,,,37,"54,44%",49,2
6/01/2026,ext_facacuna,90,,,,,7,"100,00%",90,2
6/01/2026,ext_fagaglia,78,,8,,,9,"95,56%",86,2
6/01/2026,ext_flagusti,,,21,,,38,"23,33%",21,2
6/01/2026,ext_fltangor,86,,,,,0,"95,56%",86,2
6/01/2026,ext_francof,88,,2,,,5,"100,00%",90,2
6/01/2026,ext_hernflor,51,,17,,,15,"75,56%",68,2
6/01/2026,ext_igjerez,,,13,,,20,"14,44%",13,2
6/01/2026,ext_joastori,76,,8,,,10,"93,33%",84,2
6/01/2026,ext_joavgust,,,30,,,38,"33,33%",30,2
6/01/2026,ext_jocambar,50,,7,,,4,"63,33%",57,2
6/01/2026,ext_jotrimar,45,,8,,4,15,"63,33%",57,2
6/01/2026,ext_julieflo,46,,,,,0,"51,11%",46,2
6/01/2026,ext_matiam,56,,,,10,10,"73,33%",66,2
6/01/2026,ext_matvalle,89,,1,,,2,"100,00%",90,2
6/01/2026,ext_mibrizue,,,57,,,0,"63,33%",57,2
6/01/2026,ext_nadsosa,,,17,,,32,"18,89%",17,2
6/01/2026,ext_namangas,86,,4,,,4,"100,00%",90,2
6/01/2026,ext_ola,87,,3,,,6,"100,00%",90,2
6/01/2026,ext_ramiherr,87,,2,,,2,"98,89%",89,2
6/01/2026,ext_sancjoaq,8,,59,,,6,"74,44%",67,2
6/01/2026,ext_siosanch,,,17,,,37,"18,89%",17,2
6/01/2026,ext_tibareir,72,,13,,,24,"94,44%",85,2
6/01/2026,ext_toarruss,90,,1,,,1,"101,11%",91,2
6/01/2026,ext_tovulcan,,,23,,,25,"25,56%",23,2
7/01/2026,ext_agfasson,87,,3,,,13,"100,00%",90,2
7/01/2026,ext_agnovare,55,,13,,,19,"75,56%",68,2
7/01/2026,ext_aiolmedo,,,40,,,51,"44,44%",40,2
7/01/2026,ext_dadi,88,,2,,,4,"100,00%",90,2
7/01/2026,ext_damercur,62,,,,,0,"68,89%",62,2
7/01/2026,ext_elgramug,,,20,,,23,"22,22%",20,2
7/01/2026,ext_esguadal,42,,18,,,18,"66,67%",60,2
7/01/2026,ext_facacuna,92,,,,,0,"102,22%",92,2
7/01/2026,ext_fagaglia,92,,,,,1,"102,22%",92,2
7/01/2026,ext_flagusti,,,33,,,42,"36,67%",33,2
7/01/2026,ext_fltangor,88,,2,,,0,"100,00%",90,2
7/01/2026,ext_francof,90,,,,,1,"100,00%",90,2
7/01/2026,ext_hernflor,68,,4,,,4,"80,00%",72,2
7/01/2026,ext_igjerez,,,16,,,18,"17,78%",16,2
7/01/2026,ext_joastori,10,,36,,,42,"51,11%",46,2
7/01/2026,ext_joavgust,,,7,,,7,"7,78%",7,2
7/01/2026,ext_jocambar,78,,,,,4,"86,67%",78,2
7/01/2026,ext_jotrimar,81,,1,,3,4,"94,44%",85,2
7/01/2026,ext_julieflo,46,,,,,0,"51,11%",46,2
7/01/2026,ext_matiam,75,,,,10,2,"94,44%",85,2
7/01/2026,ext_matvalle,90,,,,,1,"100,00%",90,2
7/01/2026,ext_mibrizue,13,,58,,,3,"78,89%",71,2
7/01/2026,ext_nadsosa,,,14,,,25,"15,56%",14,2
7/01/2026,ext_namangas,90,,,,,0,"100,00%",90,2
7/01/2026,ext_ola,95,,,,,2,"105,56%",95,2
7/01/2026,ext_ramiherr,64,,3,,,4,"74,44%",67,2
7/01/2026,ext_sancjoaq,12,,56,,,6,"75,56%",68,2
7/01/2026,ext_siosanch,,,18,,,29,"20,00%",18,2
7/01/2026,ext_tibareir,88,,3,,,10,"101,11%",91,2
7/01/2026,ext_toarruss,90,,,,,0,"100,00%",90,2
7/01/2026,ext_tovulcan,,,23,,,24,"25,56%",23,2
8/01/2026,ext_agfasson,85,,5,,,15,"100,00%",90,2
8/01/2026,ext_agnovare,40,,,,13,0,"58,89%",53,2
8/01/2026,ext_aiolmedo,,,30,,,50,"33,33%",30,2
8/01/2026,ext_dadi,75,,,,,0,"83,33%",75,2
8/01/2026,ext_damercur,54,,,,,2,"60,00%",54,2
8/01/2026,ext_deparede,37,,,,,0,"41,11%",37,2
8/01/2026,ext_elgramug,,,18,,,20,"20,00%",18,2
8/01/2026,ext_esguadal,43,,13,,,13,"62,22%",56,2
8/01/2026,ext_facacuna,77,,,,,0,"85,56%",77,2
8/01/2026,ext_fagaglia,80,,,,,0,"88,89%",80,2
8/01/2026,ext_flagusti,,,25,,,37,"27,78%",25,2
8/01/2026,ext_fltangor,70,,2,,,0,"80,00%",72,2
8/01/2026,ext_francof,77,,,,,1,"85,56%",77,2
8/01/2026,ext_hernflor,60,,,,,0,"66,67%",60,2
8/01/2026,ext_igjerez,,,13,,,14,"14,44%",13,2
8/01/2026,ext_joastori,,,32,,,33,"35,56%",32,2
8/01/2026,ext_joavgust,75,,,,,1,"83,33%",75,2
8/01/2026,ext_jocambar,91,,,,,3,"101,11%",91,2
8/01/2026,ext_jotrimar,65,,1,,,3,"73,33%",66,2
8/01/2026,ext_julieflo,41,,,,,0,"45,56%",41,2
8/01/2026,ext_matiam,65,,,,,4,"72,22%",65,2
8/01/2026,ext_matvalle,60,,,,,6,"66,67%",60,2
8/01/2026,ext_mibrizue,57,,4,,,6,"67,78%",61,2
8/01/2026,ext_nadsosa,,,9,,,15,"10,00%",9,2
8/01/2026,ext_namangas,80,,1,,,1,"90,00%",81,2
8/01/2026,ext_ola,85,,,,,3,"94,44%",85,2
8/01/2026,ext_ramiherr,15,,,,2,17,"18,89%",17,2
8/01/2026,ext_sancjoaq,75,,,,,10,"83,33%",75,2
8/01/2026,ext_siosanch,,,12,,,29,"13,33%",12,2
8/01/2026,ext_tamarco,36,,,,,0,"40,00%",36,2
8/01/2026,ext_tibareir,2,,36,,,50,"42,22%",38,2
8/01/2026,ext_toarruss,76,,3,,,3,"87,78%",79,2
8/01/2026,ext_tovulcan,,,18,,,19,"20,00%",18,2
8/01/2026,ext_zograzia,3,,,,,0,"3,33%",3,2
9/01/2026,ext_agnovare,,,1,,19,60,"22,22%",20,2
9/01/2026,ext_aiolmedo,,,39,,,60,"43,33%",39,2
9/01/2026,ext_dadi,80,,,,,1,"88,89%",80,2
9/01/2026,ext_damercur,59,,7,,,7,"73,33%",66,2
9/01/2026,ext_elgramug,,,19,,,20,"21,11%",19,2
9/01/2026,ext_esguadal,47,,5,,,0,"57,78%",52,2
9/01/2026,ext_facacuna,91,,,,,0,"101,11%",91,2
9/01/2026,ext_fagaglia,92,,,,,0,"102,22%",92,2
9/01/2026,ext_flagusti,,,29,,,39,"32,22%",29,2
9/01/2026,ext_fltangor,89,,1,,,0,"100,00%",90,2
9/01/2026,ext_francof,91,,,,,1,"101,11%",91,2
9/01/2026,ext_hernflor,69,,2,,,4,"78,89%",71,2
9/01/2026,ext_igjerez,,,14,,,26,"15,56%",14,2
9/01/2026,ext_joastori,,,31,,,35,"34,44%",31,2
9/01/2026,ext_joavgust,91,,1,,,2,"102,22%",92,2
9/01/2026,ext_jocambar,73,,,,,0,"81,11%",73,2
9/01/2026,ext_jotrimar,1,,,,16,33,"18,89%",17,2
9/01/2026,ext_julieflo,9,,,,,0,"10,00%",9,2
9/01/2026,ext_matiam,63,,3,,,3,"73,33%",66,2
9/01/2026,ext_matvalle,91,,,,,3,"101,11%",91,2
9/01/2026,ext_mibrizue,90,,,,,0,"100,00%",90,2
9/01/2026,ext_nadsosa,,,16,,,31,"17,78%",16,2
9/01/2026,ext_namangas,88,,2,,,2,"100,00%",90,2
9/01/2026,ext_ola,90,,,,,0,"100,00%",90,2
9/01/2026,ext_ramiherr,,,1,,6,17,"7,78%",7,2
9/01/2026,ext_sancjoaq,89,,,,,5,"98,89%",89,2
9/01/2026,ext_siosanch,,,13,,,27,"14,44%",13,2
9/01/2026,ext_tibareir,,,40,,,59,"44,44%",40,2
9/01/2026,ext_toarruss,92,,,,,3,"102,22%",92,2
9/01/2026,ext_tovulcan,,,24,,,26,"26,67%",24,2
12/01/2026,ext_agfasson,90,,,,,15,"100,00%",90,3
12/01/2026,ext_agnovare,1,,3,,21,27,"27,78%",25,3
12/01/2026,ext_aiolmedo,,,42,,,52,"46,67%",42,3
12/01/2026,ext_dadi,80,,1,,,4,"90,00%",81,3
12/01/2026,ext_damercur,59,,,,,0,"65,56%",59,3
12/01/2026,ext_elgramug,,,23,,,25,"25,56%",23,3
12/01/2026,ext_esguadal,52,,,,,0,"57,78%",52,3
12/01/2026,ext_facacuna,90,,,,,0,"100,00%",90,3
12/01/2026,ext_fagaglia,92,,,,,0,"102,22%",92,3
12/01/2026,ext_flagusti,,,29,,,32,"32,22%",29,3
12/01/2026,ext_fltangor,83,,,,,0,"92,22%",83,3
12/01/2026,ext_francof,90,,,,,1,"100,00%",90,3
12/01/2026,ext_hernflor,70,,,,,0,"77,78%",70,3
12/01/2026,ext_igjerez,,,19,,,22,"21,11%",19,3
12/01/2026,ext_joastori,,,25,,,27,"27,78%",25,3
12/01/2026,ext_joavgust,,,30,,,37,"33,33%",30,3
12/01/2026,ext_jocambar,,,,,17,14,"18,89%",17,3
12/01/2026,ext_jotrimar,4,,,,15,33,"21,11%",19,3
12/01/2026,ext_juawagne,90,,,,,0,"100,00%",90,3
12/01/2026,ext_julieflo,54,,,,,0,"60,00%",54,3
12/01/2026,ext_matiam,80,,,,,2,"88,89%",80,3
12/01/2026,ext_matvalle,90,,,,,0,"100,00%",90,3
12/01/2026,ext_mibrizue,85,,,,,0,"94,44%",85,3
12/01/2026,ext_nadsosa,90,,,,,0,"100,00%",90,3
12/01/2026,ext_namangas,90,,,,,0,"100,00%",90,3
12/01/2026,ext_ola,90,,,,,0,"100,00%",90,3
12/01/2026,ext_ramiherr,85,,,,2,0,"96,67%",87,3
12/01/2026,ext_sancjoaq,83,,,,,11,"92,22%",83,3
12/01/2026,ext_siosanch,73,,8,,,12,"90,00%",81,3
12/01/2026,ext_tamarco,36,,,,,0,"40,00%",36,3
12/01/2026,ext_tibareir,76,,6,,,11,"91,11%",82,3
12/01/2026,ext_toarruss,92,,,,,0,"102,22%",92,3
12/01/2026,ext_tovulcan,85,,,,,0,"94,44%",85,
13/01/2026,ext_agfasson,84,,6,,,25,"100,00%",90,3
13/01/2026,ext_agnovare,,,11,,18,41,"32,22%",29,3
13/01/2026,ext_aiolmedo,,,28,,,63,"31,11%",28,3
13/01/2026,ext_dadi,80,,,,,0,"88,89%",80,3
13/01/2026,ext_damercur,59,,4,,,4,"70,00%",63,3
13/01/2026,ext_elgramug,,,20,,,26,"22,22%",20,3
13/01/2026,ext_esguadal,57,,,,,0,"63,33%",57,3
13/01/2026,ext_facacuna,90,,,,,0,"100,00%",90,3
13/01/2026,ext_fagaglia,90,,,,,0,"100,00%",90,3
13/01/2026,ext_flagusti,,,19,,,39,"21,11%",19,3
13/01/2026,ext_fltangor,87,,4,,,0,"101,11%",91,3
13/01/2026,ext_francof,87,,,1,,4,"97,78%",88,3
13/01/2026,ext_hernflor,70,,,2,,5,"80,00%",72,3
13/01/2026,ext_igjerez,,,16,,,19,"17,78%",16,3
13/01/2026,ext_joastori,,,28,,,37,"31,11%",28,3
13/01/2026,ext_joavgust,,,30,,,45,"33,33%",30,3
13/01/2026,ext_jocambar,12,,,,10,14,"24,44%",22,3
13/01/2026,ext_jotrimar,18,,3,,25,39,"51,11%",46,3
13/01/2026,ext_juawagne,90,,,,,0,"100,00%",90,3
13/01/2026,ext_julieflo,45,,,,,0,"50,00%",45,3
13/01/2026,ext_matiam,90,,,,,4,"100,00%",90,3
13/01/2026,ext_matvalle,90,,,,,2,"100,00%",90,3
13/01/2026,ext_mibrizue,21,,69,,,0,"100,00%",90,3
13/01/2026,ext_nadsosa,87,,3,,,6,"100,00%",90,3
13/01/2026,ext_namangas,87,,3,,,3,"100,00%",90,3
13/01/2026,ext_ola,87,,,,,0,"96,67%",87,3
13/01/2026,ext_ramiherr,,,,,7,51,"7,78%",7,3
13/01/2026,ext_sancjoaq,38,,50,,,3,"97,78%",88,3
13/01/2026,ext_siosanch,3,,11,,,31,"15,56%",14,3
13/01/2026,ext_tibareir,77,,11,2,,24,"100,00%",90,3
13/01/2026,ext_toarruss,89,,1,,,2,"100,00%",90,3
13/01/2026,ext_tovulcan,,,30,,,35,"33,33%",30,3
14/01/2026,ext_agfasson,89,,1,,,17,"100,00%",90,3
14/01/2026,ext_agnovare,45,,,,8,12,"58,89%",53,3
14/01/2026,ext_aiolmedo,,,27,,,53,"30,00%",27,3
14/01/2026,ext_dadi,90,,,,,0,"100,00%",90,3
14/01/2026,ext_damercur,54,,7,,,7,"67,78%",61,3
14/01/2026,ext_elgramug,,,24,,,25,"26,67%",24,3
14/01/2026,ext_ensole,90,,,,,2,"100,00%",90,3
14/01/2026,ext_esguadal,65,,,,,0,"72,22%",65,3
14/01/2026,ext_facacuna,90,,,,,6,"100,00%",90,3
14/01/2026,ext_fagaglia,92,,,,,0,"102,22%",92,3
14/01/2026,ext_flagusti,,,15,,,19,"16,67%",15,3
14/01/2026,ext_fltangor,89,,1,,,0,"100,00%",90,3
14/01/2026,ext_francof,90,,,,,3,"100,00%",90,3
14/01/2026,ext_hernflor,60,,,,,0,"66,67%",60,3
14/01/2026,ext_igjerez,,,18,,,24,"20,00%",18,3
14/01/2026,ext_joastori,,,28,,,30,"31,11%",28,3
14/01/2026,ext_joavgust,,,30,,,39,"33,33%",30,3
14/01/2026,ext_jocambar,60,,,,8,5,"75,56%",68,3
14/01/2026,ext_jotrimar,51,,,,9,28,"66,67%",60,3
14/01/2026,ext_juawagne,90,,,,,0,"100,00%",90,3
14/01/2026,ext_julieflo,53,,,,,0,"58,89%",53,3
14/01/2026,ext_matiam,86,,4,,,5,"100,00%",90,3
14/01/2026,ext_matvalle,90,,,,,4,"100,00%",90,3
14/01/2026,ext_mibrizue,22,,68,,,0,"100,00%",90,3
14/01/2026,ext_nadsosa,90,,,,,0,"100,00%",90,3
14/01/2026,ext_namangas,90,,,,,1,"100,00%",90,3
14/01/2026,ext_ola,90,,,,,4,"100,00%",90,3
14/01/2026,ext_ramiherr,67,,,,2,3,"76,67%",69,3
14/01/2026,ext_sancjoaq,22,,61,,,1,"92,22%",83,3
14/01/2026,ext_siosanch,,,13,6,,22,"21,11%",19,3
14/01/2026,ext_tibareir,90,,,,,8,"100,00%",90,3
14/01/2026,ext_toarruss,90,,,,,2,"100,00%",90,3
14/01/2026,ext_tovulcan,,,24,,,27,"26,67%",24,3
15/01/2026,ext_agfasson,85,,5,,,18,"100,00%",90,3
15/01/2026,ext_agnovare,,,,,6,45,"6,67%",6,3
15/01/2026,ext_aiolmedo,1,,19,,,45,"22,22%",20,3
15/01/2026,ext_dadi,85,,,,,0,"94,44%",85,3
15/01/2026,ext_damercur,57,,5,,,7,"68,89%",62,3
15/01/2026,ext_elgramug,,,20,,,24,"22,22%",20,3
15/01/2026,ext_ensole,89,,1,,,8,"100,00%",90,3
15/01/2026,ext_esguadal,58,,2,,,2,"66,67%",60,3
15/01/2026,ext_facacuna,90,,,,,7,"100,00%",90,3
15/01/2026,ext_fagaglia,85,,,,,0,"94,44%",85,3
15/01/2026,ext_fltangor,86,,,,,1,"95,56%",86,3
15/01/2026,ext_francof,89,,,,,17,"98,89%",89,3
15/01/2026,ext_hernflor,63,,7,,,8,"77,78%",70,3
15/01/2026,ext_igjerez,,,15,,,25,"16,67%",15,3
15/01/2026,ext_joastori,,,29,,,40,"32,22%",29,3
15/01/2026,ext_joavgust,,,29,,,41,"32,22%",29,3
15/01/2026,ext_jocambar,,,,,16,17,"17,78%",16,3
15/01/2026,ext_jotrimar,5,,,,8,30,"14,44%",13,3
15/01/2026,ext_juawagne,90,,,,,0,"100,00%",90,3
15/01/2026,ext_julieflo,43,,,,,1,"47,78%",43,3
15/01/2026,ext_matiam,65,,1,,,4,"73,33%",66,3
15/01/2026,ext_matvalle,88,,2,,,9,"100,00%",90,3
15/01/2026,ext_mibrizue,64,,26,,,2,"100,00%",90,3
15/01/2026,ext_nadsosa,1,,11,,,21,"13,33%",12,3
15/01/2026,ext_namangas,78,,2,,,3,"88,89%",80,3
15/01/2026,ext_ola,78,,,,,3,"86,67%",78,3
15/01/2026,ext_ramiherr,75,,,,,0,"83,33%",75,3
15/01/2026,ext_sancjoaq,67,,19,,,11,"95,56%",86,3
15/01/2026,ext_siosanch,1,,13,1,,34,"16,67%",15,3
15/01/2026,ext_tamarco,39,,,,,1,"43,33%",39,3
15/01/2026,ext_tibareir,69,,3,4,,14,"84,44%",76,3
15/01/2026,ext_toarruss,86,,,,,6,"95,56%",86,3
15/01/2026,ext_tovulcan,,,17,,,22,"18,89%",17,3
16/01/2026,ext_agfasson,80,,6,,,16,"95,56%",86,3
16/01/2026,ext_agnovare,3,,,,15,21,"20,00%",18,3
16/01/2026,ext_aiolmedo,,,32,,,48,"35,56%",32,3
16/01/2026,ext_dadi,84,,,,,0,"93,33%",84,3
16/01/2026,ext_damercur,58,,,,,1,"64,44%",58,3
16/01/2026,ext_elgramug,,,22,,,22,"24,44%",22,3
16/01/2026,ext_ensole,90,,,,,2,"100,00%",90,3
16/01/2026,ext_esguadal,45,,,,,0,"50,00%",45,3
16/01/2026,ext_facacuna,90,,,,,3,"100,00%",90,3
16/01/2026,ext_fagaglia,88,,,,,0,"97,78%",88,3
16/01/2026,ext_flagusti,,,31,,,41,"34,44%",31,3
16/01/2026,ext_fltangor,85,,1,,,0,"95,56%",86,3
16/01/2026,ext_francof,90,,,,,0,"100,00%",90,3
16/01/2026,ext_hernflor,61,,6,,,7,"74,44%",67,3
16/01/2026,ext_igjerez,,,12,,,17,"13,33%",12,3
16/01/2026,ext_joastori,,,27,,,30,"30,00%",27,3
16/01/2026,ext_joavgust,,,30,,,35,"33,33%",30,3
16/01/2026,ext_jocambar,71,,,,,2,"78,89%",71,3
16/01/2026,ext_jotrimar,1,,,,20,19,"23,33%",21,3
16/01/2026,ext_juawagne,90,,,,,0,"100,00%",90,3
16/01/2026,ext_julieflo,34,,,,,0,"37,78%",34,3
16/01/2026,ext_matiam,7,,4,,12,24,"25,56%",23,3
16/01/2026,ext_matvalle,90,,,,,2,"100,00%",90,3
16/01/2026,ext_mibrizue,82,,,,,2,"91,11%",82,3
16/01/2026,ext_nadsosa,80,,,,,0,"88,89%",80,3
16/01/2026,ext_namangas,84,,1,,,1,"94,44%",85,3
16/01/2026,ext_ola,3,,37,,,41,"44,44%",40,3
16/01/2026,ext_ramiherr,84,,,,,0,"93,33%",84,3
16/01/2026,ext_sancjoaq,84,,,,,6,"93,33%",84,3
16/01/2026,ext_siosanch,,,15,,,25,"16,67%",15,3
16/01/2026,ext_tamarco,1,,,,,0,"1,11%",1,3
16/01/2026,ext_tibareir,75,,5,2,,11,"91,11%",82,3
16/01/2026,ext_toarruss,82,,4,,,5,"95,56%",86,3
16/01/2026,ext_tovulcan,,,25,,,26,"27,78%",25,3
19/01/2026,ext_agfasson,90,,,,,10,"100,00%",90,4
19/01/2026,ext_aiolmedo,,,31,,,47,"34,44%",31,4
19/01/2026,ext_dadi,68,,,,,0,"75,56%",68,4
19/01/2026,ext_damercur,67,,,,,0,"74,44%",67,4
19/01/2026,ext_deparede,53,,,,,3,"58,89%",53,4
19/01/2026,ext_elgramug,,,25,,,28,"27,78%",25,4
19/01/2026,ext_ensole,90,,,,,12,"100,00%",90,4
19/01/2026,ext_esguadal,47,,,,,0,"52,22%",47,4
19/01/2026,ext_fagaglia,91,,,,,0,"101,11%",91,4
19/01/2026,ext_flagusti,,,26,,,31,"28,89%",26,4
19/01/2026,ext_fltangor,90,,,,,0,"100,00%",90,4
19/01/2026,ext_francof,90,,,,,2,"100,00%",90,4
19/01/2026,ext_hernflor,70,,,,,0,"77,78%",70,4
19/01/2026,ext_igcuevas,90,,,,,0,"100,00%",90,4
19/01/2026,ext_igjerez,,,17,,,22,"18,89%",17,4
19/01/2026,ext_joastori,,,30,,,31,"33,33%",30,4
19/01/2026,ext_joavgust,,,34,,,39,"37,78%",34,4
19/01/2026,ext_jotrimar,2,,,,14,33,"17,78%",16,4
19/01/2026,ext_juawagne,90,,,,,0,"100,00%",90,4
19/01/2026,ext_julieflo,51,,,,,0,"56,67%",51,4
19/01/2026,ext_matiam,,,,,11,18,"12,22%",11,4
19/01/2026,ext_matvalle,90,,,,,4,"100,00%",90,4
19/01/2026,ext_mibrizue,91,,,,,0,"101,11%",91,4
19/01/2026,ext_nadsosa,92,,,,,0,"102,22%",92,4
19/01/2026,ext_namangas,90,,,,,1,"100,00%",90,4
19/01/2026,ext_ola,89,,,,,1,"98,89%",89,4
19/01/2026,ext_ramiherr,,,,,6,15,"6,67%",6,4
19/01/2026,ext_siosanch,82,,1,,,12,"92,22%",83,4
19/01/2026,ext_tamarco,52,,,,,0,"57,78%",52,4
19/01/2026,ext_tibareir,89,,,1,,11,"100,00%",90,4
19/01/2026,ext_toarruss,91,,,,,3,"101,11%",91,4
19/01/2026,ext_tovulcan,90,,,,,0,"100,00%",90,4
19/01/2026,ext_zograzia,6,,,,,0,"6,67%",6,4
20/01/2026,ext_agfasson,90,,,,,11,"100,00%",90,4
20/01/2026,ext_aiolmedo,,,38,,,58,"42,22%",38,4
20/01/2026,ext_dadi,90,,,,,4,"100,00%",90,4
20/01/2026,ext_damercur,67,,,,,1,"74,44%",67,4
20/01/2026,ext_deparede,61,,,,,0,"67,78%",61,4
20/01/2026,ext_elgramug,,,24,,,28,"26,67%",24,4
20/01/2026,ext_ensole,90,,,,,12,"100,00%",90,4
20/01/2026,ext_esguadal,60,,,,,0,"66,67%",60,4
20/01/2026,ext_fagaglia,92,,,,,0,"102,22%",92,4
20/01/2026,ext_flagusti,,,29,,,47,"32,22%",29,4
20/01/2026,ext_fltangor,91,,,,,0,"101,11%",91,4
20/01/2026,ext_francof,91,,,,,3,"101,11%",91,4
20/01/2026,ext_hernflor,78,,,,,0,"86,67%",78,4
20/01/2026,ext_igcuevas,,,22,,,25,"24,44%",22,4
20/01/2026,ext_igjerez,,,19,,,29,"21,11%",19,4
20/01/2026,ext_joastori,,,27,,,35,"30,00%",27,4
20/01/2026,ext_joavgust,,,30,,,40,"33,33%",30,4
20/01/2026,ext_jotrimar,,,,,13,15,"14,44%",13,4
20/01/2026,ext_juawagne,90,,,,,0,"100,00%",90,4
20/01/2026,ext_julieflo,69,,,,,1,"76,67%",69,4
20/01/2026,ext_matiam,,,,,12,30,"13,33%",12,4
20/01/2026,ext_matvalle,90,,,,,9,"100,00%",90,4
20/01/2026,ext_mibrizue,35,,55,,,0,"100,00%",90,4
20/01/2026,ext_nadsosa,,,11,,,22,"12,22%",11,4
20/01/2026,ext_namangas,90,,,,,1,"100,00%",90,4
20/01/2026,ext_ola,91,,,,,1,"101,11%",91,4
20/01/2026,ext_ramiherr,,,,,8,27,"8,89%",8,4
20/01/2026,ext_siosanch,90,,,,,19,"100,00%",90,4
20/01/2026,ext_tamarco,61,,,,,0,"67,78%",61,4
20/01/2026,ext_tibareir,87,,,3,,14,"100,00%",90,4
20/01/2026,ext_toarruss,90,,,,,3,"100,00%",90,4
20/01/2026,ext_tovulcan,90,,,,,0,"100,00%",90,4
20/01/2026,ext_zograzia,20,,,,,0,"22,22%",20,4
21/01/2026,ext_agfasson,79,,3,,,11,"91,11%",82,4
21/01/2026,ext_aiolmedo,,,19,,,49,"21,11%",19,4
21/01/2026,ext_dadi,71,,3,,,8,"82,22%",74,4
21/01/2026,ext_damercur,57,,,,,1,"63,33%",57,4
21/01/2026,ext_deparede,51,,1,,,0,"57,78%",52,4
21/01/2026,ext_elgramug,,,18,,,22,"20,00%",18,4
21/01/2026,ext_ensole,86,,4,,,12,"100,00%",90,4
21/01/2026,ext_esguadal,34,,9,,,11,"47,78%",43,4
21/01/2026,ext_fagaglia,80,,,,,0,"88,89%",80,4
21/01/2026,ext_flagusti,,,21,,,44,"23,33%",21,4
21/01/2026,ext_fltangor,81,,,,,2,"90,00%",81,4
21/01/2026,ext_francof,80,,,,,1,"88,89%",80,4
21/01/2026,ext_hernflor,70,,,,,0,"77,78%",70,4
21/01/2026,ext_igcuevas,,,23,,,31,"25,56%",23,4
21/01/2026,ext_igjerez,,,13,,,23,"14,44%",13,4
21/01/2026,ext_joastori,,,27,,,32,"30,00%",27,4
21/01/2026,ext_joavgust,,,27,,,30,"30,00%",27,4
21/01/2026,ext_jotrimar,1,,,,14,18,"16,67%",15,4
21/01/2026,ext_juawagne,80,,,,,0,"88,89%",80,4
21/01/2026,ext_julieflo,47,,,,,0,"52,22%",47,4
21/01/2026,ext_matiam,,,,,10,20,"11,11%",10,4
21/01/2026,ext_matvalle,78,,2,,,3,"88,89%",80,4
21/01/2026,ext_mibrizue,,,75,,,0,"83,33%",75,4
21/01/2026,ext_nadsosa,,,10,,,20,"11,11%",10,4
21/01/2026,ext_namangas,78,,2,,,3,"88,89%",80,4
21/01/2026,ext_ola,80,,,,,3,"88,89%",80,4
21/01/2026,ext_ramiherr,,,,,8,19,"8,89%",8,4
21/01/2026,ext_siosanch,66,,,,,14,"73,33%",66,4
21/01/2026,ext_tamarco,41,,6,,,0,"52,22%",47,4
21/01/2026,ext_tibareir,71,,3,,,14,"82,22%",74,4
21/01/2026,ext_toarruss,80,,,,,6,"88,89%",80,4
21/01/2026,ext_tovulcan,76,,,,,0,"84,44%",76,4
21/01/2026,ext_zograzia,31,,,,,0,"34,44%",31,4
22/01/2026,ext_agfasson,82,,2,,,8,"93,33%",84,4
22/01/2026,ext_aiolmedo,,,26,,,47,"28,89%",26,4
22/01/2026,ext_dadi,80,,,,,1,"88,89%",80,4
22/01/2026,ext_damercur,61,,,,,0,"67,78%",61,4
22/01/2026,ext_deparede,57,,1,,,4,"64,44%",58,4
22/01/2026,ext_elgramug,,,20,,,22,"22,22%",20,4
22/01/2026,ext_ensole,91,,,,,8,"101,11%",91,4
22/01/2026,ext_esguadal,45,,6,,,6,"56,67%",51,4
22/01/2026,ext_fagaglia,83,,,,,0,"92,22%",83,4
22/01/2026,ext_flagusti,,,27,,,41,"30,00%",27,4
22/01/2026,ext_fltangor,82,,,,,1,"91,11%",82,4
22/01/2026,ext_francof,78,,,,,11,"86,67%",78,4
22/01/2026,ext_hernflor,64,,3,,,3,"74,44%",67,4
22/01/2026,ext_igcuevas,,,17,,,25,"18,89%",17,4
22/01/2026,ext_igjerez,,,13,,,21,"14,44%",13,4
22/01/2026,ext_joastori,,,27,,,28,"30,00%",27,4
22/01/2026,ext_joavgust,,,25,,,28,"27,78%",25,4
22/01/2026,ext_jotrimar,,,,,10,8,"11,11%",10,4
22/01/2026,ext_juawagne,87,,,,,3,"96,67%",87,4
22/01/2026,ext_julieflo,32,,,,,0,"35,56%",32,4
22/01/2026,ext_matiam,,,,,8,13,"8,89%",8,4
22/01/2026,ext_matvalle,73,,,,,6,"81,11%",73,4
22/01/2026,ext_mibrizue,51,,29,,,0,"88,89%",80,4
22/01/2026,ext_nadsosa,,,16,,,32,"17,78%",16,4
22/01/2026,ext_namangas,67,,3,,,5,"77,78%",70,4
22/01/2026,ext_ola,84,,1,,,2,"94,44%",85,4
22/01/2026,ext_siosanch,78,,2,,,17,"88,89%",80,4
22/01/2026,ext_tamarco,52,,9,,,11,"67,78%",61,4
22/01/2026,ext_tibareir,80,,,,,10,"88,89%",80,4
22/01/2026,ext_toarruss,80,,1,,,1,"90,00%",81,4
22/01/2026,ext_tovulcan,60,,3,,,3,"70,00%",63,4
22/01/2026,ext_zograzia,40,,,,,1,"44,44%",40,4
23/01/2026,ext_agfasson,87,,3,,,12,"100,00%",90,4
23/01/2026,ext_aiolmedo,,,33,,,50,"36,67%",33,4
23/01/2026,ext_dadi,71,,2,,,0,"81,11%",73,4
23/01/2026,ext_damercur,65,,,,,0,"72,22%",65,4
23/01/2026,ext_deparede,60,,4,,,0,"71,11%",64,4
23/01/2026,ext_elgramug,,,25,,,27,"27,78%",25,4
23/01/2026,ext_ensole,90,,,1,,5,"101,11%",91,4
23/01/2026,ext_esguadal,54,,2,,,2,"62,22%",56,4
23/01/2026,ext_fagaglia,93,,,,,0,"103,33%",93,4
23/01/2026,ext_flagusti,,,24,,,36,"26,67%",24,4
23/01/2026,ext_fltangor,89,,1,,,0,"100,00%",90,4
23/01/2026,ext_francof,90,,,,,1,"100,00%",90,4
23/01/2026,ext_hernflor,71,,1,,,1,"80,00%",72,4
23/01/2026,ext_igcuevas,,,16,,,20,"17,78%",16,4
23/01/2026,ext_igjerez,,,14,,,16,"15,56%",14,4
23/01/2026,ext_joastori,,,33,,,33,"36,67%",33,4
23/01/2026,ext_joavgust,,,23,,,27,"25,56%",23,4
23/01/2026,ext_jotrimar,,,,,10,14,"11,11%",10,4
23/01/2026,ext_juawagne,90,,,,,0,"100,00%",90,4
23/01/2026,ext_julieflo,48,,,,,0,"53,33%",48,4
23/01/2026,ext_matiam,,,,,5,37,"5,56%",5,4
23/01/2026,ext_matvalle,90,,,,,0,"100,00%",90,4
23/01/2026,ext_mibrizue,83,,,,,1,"92,22%",83,4
23/01/2026,ext_nadsosa,,,12,,,24,"13,33%",12,4
23/01/2026,ext_namangas,90,,,,,1,"100,00%",90,4
23/01/2026,ext_ola,90,,,,,2,"100,00%",90,4
23/01/2026,ext_ramiherr,,,,,4,12,"4,44%",4,4
23/01/2026,ext_siosanch,89,,,,,17,"98,89%",89,4
23/01/2026,ext_tamarco,51,,,,,0,"56,67%",51,4
23/01/2026,ext_tibareir,88,,2,,,11,"100,00%",90,4
23/01/2026,ext_toarruss,89,,1,,,1,"100,00%",90,4
23/01/2026,ext_tovulcan,70,,5,,,5,"83,33%",75,4
23/01/2026,ext_zograzia,40,,,,,0,"44,44%",40,4
26/01/2026,ext_agfasson,67,11,12,,,21,"100,00%",90,5
26/01/2026,ext_agnovare,,,,,10,26,"11,11%",10,5
26/01/2026,ext_aiolmedo,54,,10,,,22,"71,11%",64,5
26/01/2026,ext_dadi,77,4,9,,,12,"100,00%",90,5
26/01/2026,ext_damercur,56,,6,,,6,"68,89%",62,5
26/01/2026,ext_deparede,30,10,4,,,0,"48,89%",44,5
26/01/2026,ext_elgramug,76,12,2,,,4,"100,00%",90,5
26/01/2026,ext_ensole,90,,,,,4,"100,00%",90,5
26/01/2026,ext_esguadal,30,,13,,,14,"47,78%",43,5
26/01/2026,ext_fagaglia,79,,8,,,8,"96,67%",87,5
26/01/2026,ext_flagusti,62,2,9,,,23,"81,11%",73,5
26/01/2026,ext_fltangor,70,18,2,,,0,"100,00%",90,5
26/01/2026,ext_hernflor,62,3,10,,,10,"83,33%",75,5
26/01/2026,ext_igcuevas,71,19,,,,0,"100,00%",90,5
26/01/2026,ext_igjerez,43,,8,,,12,"56,67%",51,5
26/01/2026,ext_joastori,60,,9,,,11,"76,67%",69,5
26/01/2026,ext_joavgust,61,4,3,,,10,"75,56%",68,5
26/01/2026,ext_jocambar,,,,,11,18,"12,22%",11,5
26/01/2026,ext_jotrimar,,,,,8,13,"8,89%",8,5
26/01/2026,ext_juawagne,90,,,,,0,"100,00%",90,5
26/01/2026,ext_julieflo,41,2,4,,,0,"52,22%",47,5
26/01/2026,ext_matiam,,,,,6,111,"6,67%",6,5
26/01/2026,ext_matvalle,81,9,,,,1,"100,00%",90,5
26/01/2026,ext_mibrizue,83,,7,,,9,"100,00%",90,5
26/01/2026,ext_nadsosa,90,,,,,0,"100,00%",90,5
26/01/2026,ext_namangas,86,2,2,,,6,"100,00%",90,5
26/01/2026,ext_ola,67,,3,,,4,"77,78%",70,5
26/01/2026,ext_ramiherr,,,,,3,12,"3,33%",3,5
26/01/2026,ext_siosanch,67,1,4,,,22,"80,00%",72,5
26/01/2026,ext_tamarco,34,,3,,,0,"41,11%",37,5
26/01/2026,ext_tibareir,73,2,10,,,33,"94,44%",85,5
26/01/2026,ext_toarruss,87,1,1,,,4,"98,89%",89,5
26/01/2026,ext_tovulcan,57,1,7,,,10,"72,22%",65,5
26/01/2026,ext_zograzia,25,,5,,,6,"33,33%",30,5
27/01/2026,ext_agfasson,59,10,16,,,26,"94,44%",85,5
27/01/2026,ext_agnovare,,,,,12,15,"13,33%",12,5
27/01/2026,ext_aiolmedo,41,,15,,,43,"62,22%",56,5
27/01/2026,ext_dadi,62,5,18,,,19,"94,44%",85,5
27/01/2026,ext_deparede,53,2,10,,,0,"72,22%",65,5
27/01/2026,ext_elgramug,56,13,11,,,12,"88,89%",80,5
27/01/2026,ext_ensole,87,,3,,,9,"100,00%",90,5
27/01/2026,ext_esguadal,31,,15,,,25,"51,11%",46,5
27/01/2026,ext_fagaglia,58,5,17,,,16,"88,89%",80,5
27/01/2026,ext_flagusti,35,1,16,,,37,"57,78%",52,5
27/01/2026,ext_fltangor,71,12,7,,,0,"100,00%",90,5
27/01/2026,ext_hernflor,43,,25,,,38,"75,56%",68,5
27/01/2026,ext_igcuevas,69,16,5,,,5,"100,00%",90,5
27/01/2026,ext_igjerez,38,,4,,,11,"46,67%",42,5
27/01/2026,ext_joastori,25,,20,,,31,"50,00%",45,5
27/01/2026,ext_joavgust,43,5,11,,,21,"65,56%",59,5
27/01/2026,ext_jocambar,,,,,9,28,"10,00%",9,5
27/01/2026,ext_jotrimar,,,,,8,19,"8,89%",8,5
27/01/2026,ext_juawagne,88,,2,,,0,"100,00%",90,5
27/01/2026,ext_julieflo,35,,,,,0,"38,89%",35,5
27/01/2026,ext_matiam,,,,,3,80,"3,33%",3,5
27/01/2026,ext_matvalle,62,2,8,,,9,"80,00%",72,5
27/01/2026,ext_mibrizue,23,,68,,,3,"101,11%",91,5
27/01/2026,ext_nadsosa,51,,3,,,8,"60,00%",54,5
27/01/2026,ext_namangas,60,3,13,,,26,"84,44%",76,5
27/01/2026,ext_ola,60,,15,,,16,"83,33%",75,5
27/01/2026,ext_ramiherr,,,,,5,18,"5,56%",5,5
27/01/2026,ext_siosanch,40,2,15,,,38,"63,33%",57,5
27/01/2026,ext_tamarco,58,,,,,0,"64,44%",58,5
27/01/2026,ext_tibareir,62,2,15,1,,24,"88,89%",80,5
27/01/2026,ext_toarruss,67,9,8,,,4,"93,33%",84,5
27/01/2026,ext_tovulcan,15,,19,,,29,"37,78%",34,5
27/01/2026,ext_zograzia,20,,10,,,21,"33,33%",30,5
28/01/2026,ext_agfasson,64,18,8,,,23,"100,00%",90,5
28/01/2026,ext_agnovare,,,1,,9,16,"11,11%",10,5
28/01/2026,ext_aiolmedo,63,,6,5,,24,"82,22%",74,5
28/01/2026,ext_dadi,69,2,9,,,14,"88,89%",80,5
28/01/2026,ext_deparede,64,5,3,,,0,"80,00%",72,5
28/01/2026,ext_elgramug,64,25,1,,,2,"100,00%",90,5
28/01/2026,ext_ensole,85,3,2,,,6,"100,00%",90,5
28/01/2026,ext_esguadal,52,,15,,,17,"74,44%",67,5
28/01/2026,ext_fagaglia,75,3,9,,,10,"96,67%",87,5
28/01/2026,ext_flagusti,45,5,17,,,26,"74,44%",67,5
28/01/2026,ext_fltangor,81,7,2,,,0,"100,00%",90,5
28/01/2026,ext_hernflor,59,,17,,,21,"84,44%",76,5
28/01/2026,ext_igcuevas,56,34,,,,0,"100,00%",90,5
28/01/2026,ext_igjerez,71,,4,,,4,"83,33%",75,5
28/01/2026,ext_joastori,36,,15,,,19,"56,67%",51,5
28/01/2026,ext_joavgust,62,3,5,,,8,"77,78%",70,5
28/01/2026,ext_jocambar,,,,,5,14,"5,56%",5,5
28/01/2026,ext_jotrimar,,,,,9,20,"10,00%",9,5
28/01/2026,ext_juawagne,69,19,2,,,0,"100,00%",90,5
28/01/2026,ext_julieflo,61,,,,,0,"67,78%",61,5
28/01/2026,ext_matiam,,,,,10,18,"11,11%",10,5
28/01/2026,ext_matvalle,60,10,,,,1,"77,78%",70,5
28/01/2026,ext_mibrizue,,,90,,,0,"100,00%",90,5
28/01/2026,ext_nadsosa,66,,2,,,4,"75,56%",68,5
28/01/2026,ext_namangas,80,6,1,,,6,"96,67%",87,5
28/01/2026,ext_ola,72,3,5,,,5,"88,89%",80,5
28/01/2026,ext_ramiherr,,,,,1,49,"1,11%",1,5
28/01/2026,ext_siosanch,69,2,7,,,23,"86,67%",78,5
28/01/2026,ext_tamarco,65,,,,,0,"72,22%",65,5
28/01/2026,ext_tibareir,80,2,8,,,36,"100,00%",90,5
28/01/2026,ext_toarruss,74,16,,,,0,"100,00%",90,5
28/01/2026,ext_tovulcan,33,,10,,,10,"47,78%",43,5
28/01/2026,ext_zograzia,55,,7,,,18,"68,89%",62,5
29/01/2026,ext_agfasson,65,9,16,,,24,"100,00%",90,5
29/01/2026,ext_aglugone,3,,3,,,0,"6,67%",6,5
29/01/2026,ext_agnovare,,,,,8,13,"8,89%",8,5
29/01/2026,ext_aiolmedo,44,2,10,2,,32,"64,44%",58,5
29/01/2026,ext_dadi,63,4,15,,,16,"91,11%",82,5
29/01/2026,ext_deparede,64,3,9,,,0,"84,44%",76,5
29/01/2026,ext_elgramug,67,20,3,,,4,"100,00%",90,5
29/01/2026,ext_ensole,86,1,3,,,11,"100,00%",90,5
29/01/2026,ext_esguadal,50,,4,,,5,"60,00%",54,5
29/01/2026,ext_fagaglia,79,1,5,,,4,"94,44%",85,5
29/01/2026,ext_flagusti,35,3,19,,,26,"63,33%",57,5
29/01/2026,ext_flmonten,,,6,,,0,"6,67%",6,5
29/01/2026,ext_fltangor,71,17,2,,,0,"100,00%",90,5
29/01/2026,ext_hernflor,58,,21,,,24,"87,78%",79,5
29/01/2026,ext_igcuevas,74,15,1,,,1,"100,00%",90,5
29/01/2026,ext_igjerez,64,,3,,,4,"74,44%",67,5
29/01/2026,ext_joavgust,56,2,10,,,14,"75,56%",68,5
29/01/2026,ext_jocambar,,,,,4,10,"4,44%",4,5
29/01/2026,ext_jotrimar,,,,,9,20,"10,00%",9,5
29/01/2026,ext_juawagne,78,12,,,,0,"100,00%",90,5
29/01/2026,ext_julieflo,46,,1,,,0,"52,22%",47,5
29/01/2026,ext_maseinha,1,,3,,,3,"4,44%",4,5
29/01/2026,ext_matiam,,,,,11,89,"12,22%",11,5
29/01/2026,ext_matvalle,78,10,2,,,5,"100,00%",90,5
29/01/2026,ext_mibrizue,20,,60,,,32,"88,89%",80,5
29/01/2026,ext_nadsosa,45,,12,,,31,"63,33%",57,5
29/01/2026,ext_namangas,65,4,16,,,16,"94,44%",85,5
29/01/2026,ext_ola,83,1,4,,,7,"97,78%",88,5
29/01/2026,ext_ramiherr,,,,,5,47,"5,56%",5,5
29/01/2026,ext_siosanch,54,,11,,,27,"72,22%",65,5
29/01/2026,ext_tamarco,79,,,,,0,"87,78%",79,5
29/01/2026,ext_tibareir,70,1,15,4,,24,"100,00%",90,5
29/01/2026,ext_toarruss,79,11,1,,,5,"101,11%",91,5
29/01/2026,ext_tovulcan,23,,11,,,13,"37,78%",34,5
29/01/2026,ext_yaportas,4,,1,,,0,"5,56%",5,5
29/01/2026,ext_zograzia,43,,8,,,15,"56,67%",51,5
30/01/2026,ext_agfasson,61,7,17,,,23,"94,44%",85,5
30/01/2026,ext_agnovare,,,,,10,16,"11,11%",10,5
30/01/2026,ext_aiolmedo,6,1,11,,,17,"20,00%",18,5
30/01/2026,ext_dadi,56,,17,,,27,"81,11%",73,5
30/01/2026,ext_deparede,52,21,10,,,0,"92,22%",83,5
30/01/2026,ext_elgramug,68,17,5,,,7,"100,00%",90,5
30/01/2026,ext_ensole,88,2,,,,1,"100,00%",90,5
30/01/2026,ext_esguadal,40,,10,,,10,"55,56%",50,5
30/01/2026,ext_flagusti,32,,18,,,24,"55,56%",50,5
30/01/2026,ext_fltangor,73,7,10,,,0,"100,00%",90,5
30/01/2026,ext_hernflor,48,2,28,,,30,"86,67%",78,5
30/01/2026,ext_igcuevas,65,24,1,,,1,"100,00%",90,5
30/01/2026,ext_igjerez,10,,1,,,6,"12,22%",11,5
30/01/2026,ext_joastori,54,,,,,20,"60,00%",54,5
30/01/2026,ext_joavgust,50,1,9,,,11,"66,67%",60,5
30/01/2026,ext_jocambar,,,,,12,10,"13,33%",12,5
30/01/2026,ext_jotrimar,,,,,11,20,"12,22%",11,5
30/01/2026,ext_juawagne,45,19,2,,,2,"73,33%",66,5
30/01/2026,ext_julieflo,45,,1,,,0,"51,11%",46,5
30/01/2026,ext_matiam,,,,,7,16,"7,78%",7,5
30/01/2026,ext_matvalle,76,12,2,,,6,"100,00%",90,5
30/01/2026,ext_mibrizue,63,,22,,,28,"94,44%",85,5
30/01/2026,ext_nadsosa,,,6,,,12,"6,67%",6,5
30/01/2026,ext_namangas,69,3,9,,,9,"90,00%",81,5
30/01/2026,ext_ola,68,1,5,,,6,"82,22%",74,5
30/01/2026,ext_ramiherr,,,,,3,78,"3,33%",3,5
30/01/2026,ext_siosanch,5,,8,,,12,"14,44%",13,5
30/01/2026,ext_tamarco,82,,,,,0,"91,11%",82,5
30/01/2026,ext_tibareir,56,1,15,2,,31,"82,22%",74,5
30/01/2026,ext_toarruss,72,12,3,,,1,"96,67%",87,5
30/01/2026,ext_tovulcan,1,,3,,,2,"4,44%",4,5
30/01/2026,ext_zograzia,34,,27,,,29,"67,78%",61,5
2/02/2026,ext_agfasson,74,10,6,,,10,"100,00%",90,6
2/02/2026,ext_agnovare,,,,,13,14,"14,44%",13,6
2/02/2026,ext_aiolmedo,82,1,4,,,19,"96,67%",87,6
2/02/2026,ext_dadi,84,1,5,,,6,"100,00%",90,6
2/02/2026,ext_deparede,73,7,10,,,0,"100,00%",90,6
2/02/2026,ext_elgramug,80,11,,,,1,"101,11%",91,6
2/02/2026,ext_ensole,90,,,,,4,"100,00%",90,6
2/02/2026,ext_esguadal,27,2,9,,,9,"42,22%",38,6
2/02/2026,ext_flagusti,58,4,15,3,,29,"88,89%",80,6
2/02/2026,ext_fltangor,74,16,,,,0,"100,00%",90,6
2/02/2026,ext_hernflor,69,3,8,,,8,"88,89%",80,6
2/02/2026,ext_igcuevas,85,5,,,,0,"100,00%",90,6
2/02/2026,ext_igjerez,79,3,3,,,8,"94,44%",85,6
2/02/2026,ext_joastori,59,,12,,,13,"78,89%",71,6
2/02/2026,ext_joavgust,76,4,5,,,6,"94,44%",85,6
2/02/2026,ext_jocambar,,,,,7,55,"7,78%",7,6
2/02/2026,ext_jotrimar,,,,,9,42,"10,00%",9,6
2/02/2026,ext_juawagne,87,3,,,,0,"100,00%",90,6
2/02/2026,ext_julieflo,65,8,,,,0,"81,11%",73,6
2/02/2026,ext_matvalle,74,1,,,,0,"83,33%",75,6
2/02/2026,ext_mibrizue,82,,8,,,9,"100,00%",90,6
2/02/2026,ext_nadsosa,65,,7,,,14,"80,00%",72,6
2/02/2026,ext_namangas,76,5,4,,,4,"94,44%",85,6
2/02/2026,ext_ola,79,2,4,,,4,"94,44%",85,6
2/02/2026,ext_ramiherr,,,,,4,12,"4,44%",4,6
2/02/2026,ext_sancjoaq,68,,4,,,23,"80,00%",72,6
2/02/2026,ext_siosanch,83,3,4,,,18,"100,00%",90,6
2/02/2026,ext_tamarco,80,,,,,0,"88,89%",80,6
2/02/2026,ext_tibareir,83,1,4,2,,17,"100,00%",90,6
2/02/2026,ext_toarruss,81,8,1,,,0,"100,00%",90,6
2/02/2026,ext_tovulcan,77,6,5,,,5,"97,78%",88,6
2/02/2026,ext_zograzia,67,,12,,,13,"87,78%",79,6
3/02/2026,ext_agfasson,59,5,26,,,30,"100,00%",90,6
3/02/2026,ext_agnovare,,,,,5,9,"5,56%",5,6
3/02/2026,ext_aiolmedo,63,12,15,,,28,"100,00%",90,6
3/02/2026,ext_dadi,51,1,23,,,27,"83,33%",75,6
3/02/2026,ext_deparede,62,16,12,,,0,"100,00%",90,6
3/02/2026,ext_elgramug,70,14,6,,,6,"100,00%",90,6
3/02/2026,ext_ensole,87,3,,,,3,"100,00%",90,6
3/02/2026,ext_esguadal,25,1,19,,,21,"50,00%",45,6
3/02/2026,ext_flagusti,37,2,28,,,36,"74,44%",67,6
3/02/2026,ext_fltangor,67,18,5,,,0,"100,00%",90,6
3/02/2026,ext_hernflor,46,1,31,,,33,"86,67%",78,6
3/02/2026,ext_igcuevas,75,15,,,,0,"100,00%",90,6
3/02/2026,ext_igjerez,50,3,2,,,3,"61,11%",55,6
3/02/2026,ext_joastori,24,,27,,,27,"56,67%",51,6
3/02/2026,ext_joavgust,59,,15,,,15,"82,22%",74,6
3/02/2026,ext_jocambar,,,,,2,5,"2,22%",2,6
3/02/2026,ext_jotrimar,,,,,12,15,"13,33%",12,6
3/02/2026,ext_juawagne,71,14,,,,0,"94,44%",85,6
3/02/2026,ext_julieflo,55,8,,,,0,"70,00%",63,6
3/02/2026,ext_matvalle,76,13,1,,,2,"100,00%",90,6
3/02/2026,ext_mibrizue,57,,24,,,26,"90,00%",81,6
3/02/2026,ext_nadsosa,66,,,,,0,"73,33%",66,6
3/02/2026,ext_namangas,66,5,9,,,12,"88,89%",80,6
3/02/2026,ext_ola,63,4,6,,,7,"81,11%",73,6
3/02/2026,ext_ramiherr,,,,,6,7,"6,67%",6,6
3/02/2026,ext_sancjoaq,30,,21,,,70,"56,67%",51,6
3/02/2026,ext_siosanch,61,2,10,,,29,"81,11%",73,6
3/02/2026,ext_tamarco,83,,,,,1,"92,22%",83,6
3/02/2026,ext_tibareir,46,26,19,,,25,"101,11%",91,6
3/02/2026,ext_toarruss,75,5,10,,,3,"100,00%",90,6
3/02/2026,ext_tovulcan,48,,18,,,21,"73,33%",66,6
3/02/2026,ext_zograzia,45,,19,,,28,"71,11%",64,6
4/02/2026,ext_agfasson,56,12,12,,,18,"88,89%",80,6
4/02/2026,ext_agnovare,,,,,10,17,"11,11%",10,6
4/02/2026,ext_aiolmedo,52,5,5,,,10,"68,89%",62,6
4/02/2026,ext_dadi,48,2,13,,,17,"70,00%",63,6
4/02/2026,ext_deparede,53,11,2,,,0,"73,33%",66,6
4/02/2026,ext_elgramug,54,14,5,,,5,"81,11%",73,6
4/02/2026,ext_ensole,90,,,,,5,"100,00%",90,6
4/02/2026,ext_esguadal,23,,19,,,19,"46,67%",42,6
4/02/2026,ext_flagusti,24,,9,,,14,"36,67%",33,6
4/02/2026,ext_fltangor,58,16,3,,,0,"85,56%",77,6
4/02/2026,ext_hernflor,35,5,17,,,16,"63,33%",57,6
4/02/2026,ext_igcuevas,67,23,,,,0,"100,00%",90,6
4/02/2026,ext_igjerez,48,,1,,,1,"54,44%",49,6
4/02/2026,ext_joastori,34,1,13,,,19,"53,33%",48,6
4/02/2026,ext_joavgust,47,1,10,,,11,"64,44%",58,6
4/02/2026,ext_jocambar,,,,,7,11,"7,78%",7,6
4/02/2026,ext_jotrimar,,,,,9,22,"10,00%",9,6
4/02/2026,ext_juawagne,73,17,,,,0,"100,00%",90,6
4/02/2026,ext_julieflo,42,,,,,0,"46,67%",42,6
4/02/2026,ext_matvalle,64,12,,,,2,"84,44%",76,6
4/02/2026,ext_mibrizue,54,,11,,,8,"72,22%",65,6
4/02/2026,ext_nadsosa,65,,,,,0,"72,22%",65,6
4/02/2026,ext_namangas,59,4,7,,,8,"77,78%",70,6
4/02/2026,ext_ola,59,6,,,,1,"72,22%",65,6
4/02/2026,ext_ramiherr,,,,,3,12,"3,33%",3,6
4/02/2026,ext_sancjoaq,53,,2,,,16,"61,11%",55,6
4/02/2026,ext_siosanch,44,2,8,,,19,"60,00%",54,6
4/02/2026,ext_tibareir,44,15,3,3,,13,"72,22%",65,6
4/02/2026,ext_toarruss,61,11,12,,,12,"93,33%",84,6
4/02/2026,ext_tovulcan,48,3,16,,,16,"74,44%",67,6
4/02/2026,ext_zograzia,44,,17,,,19,"67,78%",61,6
6/02/2026,ext_agfasson,62,8,16,,,46,"95,56%",86,6
6/02/2026,ext_agnovare,,,,,7,19,"7,78%",7,6
6/02/2026,ext_aiolmedo,75,7,8,,,27,"100,00%",90,6
6/02/2026,ext_dadi,55,5,16,,,19,"84,44%",76,6
6/02/2026,ext_deparede,77,6,6,,,7,"98,89%",89,6
6/02/2026,ext_elgramug,65,12,5,,,8,"91,11%",82,6
6/02/2026,ext_ensole,78,4,8,,,14,"100,00%",90,6
6/02/2026,ext_esguadal,49,3,6,,,6,"64,44%",58,6
6/02/2026,ext_flagusti,49,,14,,,27,"70,00%",63,6
6/02/2026,ext_fltangor,78,8,4,,,4,"100,00%",90,6
6/02/2026,ext_hernflor,56,5,15,,,20,"84,44%",76,6
6/02/2026,ext_igcuevas,80,8,2,,,2,"100,00%",90,6
6/02/2026,ext_igjerez,63,1,4,,,4,"75,56%",68,6
6/02/2026,ext_joastori,56,,15,,,28,"78,89%",71,6
6/02/2026,ext_joavgust,63,2,15,,,21,"88,89%",80,6
6/02/2026,ext_jocambar,,,,,5,12,"5,56%",5,6
6/02/2026,ext_jotrimar,,,,,9,18,"10,00%",9,6
6/02/2026,ext_juawagne,77,10,3,,,6,"100,00%",90,6
6/02/2026,ext_julieflo,54,,3,,,0,"63,33%",57,6
6/02/2026,ext_matvalle,54,1,,,,6,"61,11%",55,6
6/02/2026,ext_mibrizue,77,2,7,,,6,"95,56%",86,6
6/02/2026,ext_nadsosa,79,1,1,,,2,"90,00%",81,6
6/02/2026,ext_namangas,72,,8,,,15,"88,89%",80,6
6/02/2026,ext_ramiherr,,,,,5,10,"5,56%",5,6
6/02/2026,ext_sancjoaq,56,5,15,,,32,"84,44%",76,6
6/02/2026,ext_siosanch,64,2,8,,,40,"82,22%",74,6
6/02/2026,ext_tamarco,65,2,10,,,0,"85,56%",77,6
6/02/2026,ext_tibareir,38,28,24,,,51,"100,00%",90,6
6/02/2026,ext_toarruss,84,4,2,,,5,"100,00%",90,6
6/02/2026,ext_tovulcan,67,1,12,,,15,"88,89%",80,6
6/02/2026,ext_zograzia,40,,20,,,44,"66,67%",60,6
6/02/2026,ext_agfasson,53,15,22,,,40,"100,00%",90,6
6/02/2026,ext_agnovare,,,,,6,11,"6,67%",6,6
6/02/2026,ext_aiolmedo,48,11,17,,,30,"84,44%",76,6
6/02/2026,ext_dadi,75,3,12,,,20,"100,00%",90,6
6/02/2026,ext_deparede,73,8,9,,,4,"100,00%",90,6
6/02/2026,ext_elgramug,,,81,,,1,"90,00%",81,6
6/02/2026,ext_ensole,84,1,5,,,7,"100,00%",90,6
6/02/2026,ext_esguadal,47,1,12,,,15,"66,67%",60,6
6/02/2026,ext_flagusti,,,83,,,13,"92,22%",83,6
6/02/2026,ext_fltangor,79,2,9,,,4,"100,00%",90,6
6/02/2026,ext_hernflor,55,3,14,,,21,"80,00%",72,6
6/02/2026,ext_igcuevas,79,2,9,,,9,"100,00%",90,6
6/02/2026,ext_igjerez,52,,6,,,9,"64,44%",58,6
6/02/2026,ext_joastori,46,2,12,,,23,"66,67%",60,6
6/02/2026,ext_joavgust,55,5,11,,,25,"78,89%",71,6
6/02/2026,ext_jocambar,,,,,6,15,"6,67%",6,6
6/02/2026,ext_jotrimar,,,,,2,12,"2,22%",2,6
6/02/2026,ext_juawagne,83,6,1,,,4,"100,00%",90,6
6/02/2026,ext_julieflo,47,,1,,,0,"53,33%",48,6
6/02/2026,ext_matvalle,84,2,4,,,5,"100,00%",90,6
6/02/2026,ext_mibrizue,47,1,39,,,3,"96,67%",87,6
6/02/2026,ext_nadsosa,88,1,,,,0,"98,89%",89,6
6/02/2026,ext_namangas,73,4,9,,,12,"95,56%",86,6
6/02/2026,ext_ramiherr,,,,,3,6,"3,33%",3,6
6/02/2026,ext_sancjoaq,63,2,17,,,46,"91,11%",82,6
6/02/2026,ext_siosanch,48,2,14,,,33,"71,11%",64,6
6/02/2026,ext_tamarco,76,3,2,,,2,"90,00%",81,6
6/02/2026,ext_tibareir,69,5,15,2,,47,"101,11%",91,6
6/02/2026,ext_toarruss,82,5,3,,,4,"100,00%",90,6
6/02/2026,ext_tovulcan,36,7,10,,,20,"58,89%",53,6
6/02/2026,ext_zograzia,45,,29,,,50,"82,22%",74,6